sheet,subject_type,time_min,BG_mM,TG_mM,sensor_signal,signal_type
Fig1e_Calibration,calibration,,,0.0,0.0,delta_I_I0
Fig1e_Calibration,calibration,,,0.5,9.58111,delta_I_I0
Fig1e_Calibration,calibration,,,1.0,20.00062,delta_I_I0
Fig1e_Calibration,calibration,,,1.5,30.7721,delta_I_I0
Fig1e_Calibration,calibration,,,2.0,39.81526,delta_I_I0
Fig1e_Calibration,calibration,,,2.5,51.06388,delta_I_I0
Fig1e_Calibration,calibration,,,3.0,61.109,delta_I_I0
Fig2h,normal_beagle,0.0,,0.327,,delta_V_V0_pct
Fig2h,normal_beagle,0.3333333333333333,150.0,0.328,11.11111,delta_V_V0_pct
Fig2h,normal_beagle,0.6666666666666666,300.0,0.331,,delta_V_V0_pct
Fig2h,normal_beagle,1.0,450.0,0.332,11.11111,delta_V_V0_pct
Fig2h,normal_beagle,1.3333333333333333,600.0,0.333,,delta_V_V0_pct
Fig2h,normal_beagle,1.6666666666666667,750.0,0.334,11.11111,delta_V_V0_pct
Fig2h,normal_beagle,2.0,900.0,0.33,133.33333,delta_V_V0_pct
Fig2h,normal_beagle,2.3333333333333335,1050.0,0.333,77.77778,delta_V_V0_pct
Fig2h,normal_beagle,2.6666666666666665,1200.0,0.33,55.55556,delta_V_V0_pct
Fig2h,normal_beagle,3.0,1350.0,0.333,33.33333,delta_V_V0_pct
Fig2h,normal_beagle,3.3333333333333335,1500.0,0.333,,delta_V_V0_pct
Fig2h,normal_beagle,3.6666666666666665,1650.0,0.332,11.11111,delta_V_V0_pct
Fig2h,normal_beagle,4.0,1800.0,0.329,,delta_V_V0_pct
Fig2h,normal_beagle,4.333333333333333,1950.0,0.327,11.11111,delta_V_V0_pct
Fig2h,normal_beagle,4.666666666666667,2100.0,0.33,22.22222,delta_V_V0_pct
Fig2h,normal_beagle,5.0,2250.0,0.331,11.11111,delta_V_V0_pct
Fig2h,normal_beagle,5.333333333333333,2400.0,0.467,,delta_V_V0_pct
Fig2h,normal_beagle,5.666666666666667,2550.0,0.444,,delta_V_V0_pct
Fig2h,normal_beagle,6.0,2700.0,0.432,11.11111,delta_V_V0_pct
Fig2h,normal_beagle,6.333333333333333,2850.0,0.409,,delta_V_V0_pct
Fig2h,normal_beagle,6.666666666666667,3000.0,0.413,11.11111,delta_V_V0_pct
Fig2h,normal_beagle,7.0,3150.0,0.383,111.11111,delta_V_V0_pct
Fig2h,normal_beagle,7.333333333333333,,0.378,77.77778,delta_V_V0_pct
Fig2h,normal_beagle,7.666666666666667,,0.367,55.55556,delta_V_V0_pct
Fig2h,normal_beagle,8.0,,0.375,44.44444,delta_V_V0_pct
Fig2h,normal_beagle,8.333333333333334,,0.362,,delta_V_V0_pct
Fig2h,normal_beagle,8.666666666666666,,0.369,,delta_V_V0_pct
Fig2h,normal_beagle,9.0,,0.36,11.11111,delta_V_V0_pct
Fig2h,normal_beagle,9.333333333333334,,0.361,11.11111,delta_V_V0_pct
Fig2h,normal_beagle,9.666666666666666,,0.348,,delta_V_V0_pct
Fig2h,normal_beagle,10.0,,0.328,11.11111,delta_V_V0_pct
Fig2h,normal_beagle,10.333333333333334,,0.326,,delta_V_V0_pct
Fig2h,normal_beagle,10.666666666666666,,0.33,11.11111,delta_V_V0_pct
Fig2h,normal_beagle,11.0,,0.333,22.22222,delta_V_V0_pct
Fig2h,normal_beagle,11.333333333333334,,0.332,11.11111,delta_V_V0_pct
Fig2h,normal_beagle,11.666666666666666,,0.329,11.11111,delta_V_V0_pct
Fig2h,normal_beagle,12.0,,0.327,122.22222,delta_V_V0_pct
Fig2h,normal_beagle,12.333333333333334,,0.327,88.88889,delta_V_V0_pct
Fig2h,normal_beagle,12.666666666666666,,0.325,55.55556,delta_V_V0_pct
Fig2h,normal_beagle,13.0,,0.328,22.22222,delta_V_V0_pct
Fig2h,normal_beagle,13.333333333333334,,0.329,11.11111,delta_V_V0_pct
Fig2h,normal_beagle,13.666666666666666,,0.328,,delta_V_V0_pct
Fig2h,normal_beagle,14.0,,0.326,11.11111,delta_V_V0_pct
Fig2h,normal_beagle,14.333333333333334,,0.325,22.22222,delta_V_V0_pct
Fig2h,normal_beagle,14.666666666666666,,0.324,11.11111,delta_V_V0_pct
Fig2h,normal_beagle,15.0,,0.326,11.11111,delta_V_V0_pct
Fig2h,normal_beagle,15.333333333333334,,0.323,22.22222,delta_V_V0_pct
Fig2h,normal_beagle,15.666666666666666,,0.324,11.11111,delta_V_V0_pct
Fig2h,normal_beagle,16.0,,0.326,,delta_V_V0_pct
Fig2h,normal_beagle,16.333333333333332,,0.324,11.11111,delta_V_V0_pct
Fig2h,normal_beagle,16.666666666666668,,0.326,11.11111,delta_V_V0_pct
Fig2h,normal_beagle,17.0,,0.325,,delta_V_V0_pct
Fig2h,normal_beagle,17.333333333333332,,0.321,,delta_V_V0_pct
Fig2h,normal_beagle,17.666666666666668,,0.324,,delta_V_V0_pct
Fig2h,normal_beagle,18.0,,0.326,,delta_V_V0_pct
Fig2h,normal_beagle,18.333333333333332,,0.33,,delta_V_V0_pct
Fig2h,normal_beagle,18.666666666666668,,0.33,,delta_V_V0_pct
Fig2h,normal_beagle,19.0,,0.33,,delta_V_V0_pct
Fig2h,normal_beagle,19.333333333333332,,0.33,,delta_V_V0_pct
Fig2h,normal_beagle,19.666666666666668,,0.335,,delta_V_V0_pct
Fig2h,normal_beagle,20.0,,0.332,,delta_V_V0_pct
Fig2h,normal_beagle,20.333333333333332,,0.437,,delta_V_V0_pct
Fig2h,normal_beagle,20.666666666666668,,0.431,,delta_V_V0_pct
Fig2h,normal_beagle,21.0,,0.41,,delta_V_V0_pct
Fig2h,normal_beagle,21.333333333333332,,0.413,,delta_V_V0_pct
Fig2h,normal_beagle,21.666666666666668,,0.396,,delta_V_V0_pct
Fig2h,normal_beagle,22.0,,0.392,,delta_V_V0_pct
Fig2h,normal_beagle,22.333333333333332,,0.397,,delta_V_V0_pct
Fig2h,normal_beagle,22.666666666666668,,0.384,,delta_V_V0_pct
Fig2h,normal_beagle,23.0,,0.38,,delta_V_V0_pct
Fig2h,normal_beagle,23.333333333333332,,0.36,,delta_V_V0_pct
Fig2h,normal_beagle,23.666666666666668,,0.349,,delta_V_V0_pct
Fig2h,normal_beagle,24.0,,0.338,,delta_V_V0_pct
Fig2h,normal_beagle,24.333333333333332,,0.333,,delta_V_V0_pct
Fig2h,normal_beagle,24.666666666666668,,0.327,,delta_V_V0_pct
Fig2h,normal_beagle,25.0,,0.33,,delta_V_V0_pct
Fig2h,normal_beagle,25.333333333333332,,0.331,,delta_V_V0_pct
Fig2h,normal_beagle,25.666666666666668,,0.331,,delta_V_V0_pct
Fig2h,normal_beagle,26.0,,0.331,,delta_V_V0_pct
Fig2h,normal_beagle,26.333333333333332,,0.333,,delta_V_V0_pct
Fig2h,normal_beagle,26.666666666666668,,0.328,,delta_V_V0_pct
Fig2h,normal_beagle,27.0,,0.326,,delta_V_V0_pct
Fig2h,normal_beagle,27.333333333333332,,0.327,,delta_V_V0_pct
Fig2h,normal_beagle,27.666666666666668,,0.328,,delta_V_V0_pct
Fig2h,normal_beagle,28.0,,0.324,,delta_V_V0_pct
Fig2h,normal_beagle,28.333333333333332,,0.323,,delta_V_V0_pct
Fig2h,normal_beagle,28.666666666666668,,0.321,,delta_V_V0_pct
Fig2h,normal_beagle,29.0,,0.321,,delta_V_V0_pct
Fig2h,normal_beagle,29.333333333333332,,0.323,,delta_V_V0_pct
Fig2h,normal_beagle,29.666666666666668,,0.325,,delta_V_V0_pct
Fig2h,normal_beagle,30.0,,0.323,,delta_V_V0_pct
Fig2h,normal_beagle,30.333333333333332,,0.323,,delta_V_V0_pct
Fig2h,normal_beagle,30.666666666666668,,0.325,,delta_V_V0_pct
Fig2h,normal_beagle,31.0,,0.327,,delta_V_V0_pct
Fig2h,normal_beagle,31.333333333333332,,0.324,,delta_V_V0_pct
Fig2h,normal_beagle,31.666666666666668,,0.327,,delta_V_V0_pct
Fig2h,normal_beagle,32.0,,0.326,,delta_V_V0_pct
Fig2h,normal_beagle,32.333333333333336,,0.324,,delta_V_V0_pct
Fig2h,normal_beagle,32.666666666666664,,0.324,,delta_V_V0_pct
Fig2h,normal_beagle,33.0,,0.323,,delta_V_V0_pct
Fig2h,normal_beagle,33.333333333333336,,0.325,,delta_V_V0_pct
Fig2h,normal_beagle,33.666666666666664,,0.323,,delta_V_V0_pct
Fig2h,normal_beagle,34.0,,0.324,,delta_V_V0_pct
Fig2h,normal_beagle,34.333333333333336,,0.327,,delta_V_V0_pct
Fig2h,normal_beagle,34.666666666666664,,0.325,,delta_V_V0_pct
Fig2h,normal_beagle,35.0,,0.326,,delta_V_V0_pct
Fig2h,normal_beagle,35.333333333333336,,0.451,,delta_V_V0_pct
Fig2h,normal_beagle,35.666666666666664,,0.428,,delta_V_V0_pct
Fig2h,normal_beagle,36.0,,0.433,,delta_V_V0_pct
Fig2h,normal_beagle,36.333333333333336,,0.412,,delta_V_V0_pct
Fig2h,normal_beagle,36.666666666666664,,0.407,,delta_V_V0_pct
Fig2h,normal_beagle,37.0,,0.387,,delta_V_V0_pct
Fig2h,normal_beagle,37.333333333333336,,0.372,,delta_V_V0_pct
Fig2h,normal_beagle,37.666666666666664,,0.363,,delta_V_V0_pct
Fig2h,normal_beagle,38.0,,0.361,,delta_V_V0_pct
Fig2h,normal_beagle,38.333333333333336,,0.359,,delta_V_V0_pct
Fig2h,normal_beagle,38.666666666666664,,0.354,,delta_V_V0_pct
Fig2h,normal_beagle,39.0,,0.347,,delta_V_V0_pct
Fig2h,normal_beagle,39.333333333333336,,0.327,,delta_V_V0_pct
Fig2h,normal_beagle,39.666666666666664,,0.329,,delta_V_V0_pct
Fig2h,normal_beagle,40.0,,0.324,,delta_V_V0_pct
Fig2h,normal_beagle,40.333333333333336,,0.323,,delta_V_V0_pct
Fig2h,normal_beagle,40.666666666666664,,0.327,,delta_V_V0_pct
Fig2h,normal_beagle,41.0,,0.328,,delta_V_V0_pct
Fig2h,normal_beagle,41.333333333333336,,0.329,,delta_V_V0_pct
Fig2h,normal_beagle,41.666666666666664,,0.327,,delta_V_V0_pct
Fig2h,normal_beagle,42.0,,0.328,,delta_V_V0_pct
Fig2h,normal_beagle,42.333333333333336,,0.325,,delta_V_V0_pct
Fig2h,normal_beagle,42.666666666666664,,0.326,,delta_V_V0_pct
Fig2h,normal_beagle,43.0,,0.325,,delta_V_V0_pct
Fig2h,normal_beagle,43.333333333333336,,0.331,,delta_V_V0_pct
Fig2h,normal_beagle,43.666666666666664,,0.326,,delta_V_V0_pct
Fig2h,normal_beagle,44.0,,0.326,,delta_V_V0_pct
Fig2h,normal_beagle,44.333333333333336,,0.325,,delta_V_V0_pct
Fig2h,normal_beagle,44.666666666666664,,0.322,,delta_V_V0_pct
Fig2h,normal_beagle,45.0,,0.322,,delta_V_V0_pct
Fig2h,normal_beagle,45.333333333333336,,0.324,,delta_V_V0_pct
Fig2h,normal_beagle,45.666666666666664,,0.323,,delta_V_V0_pct
Fig2h,normal_beagle,46.0,,0.323,,delta_V_V0_pct
Fig2h,normal_beagle,46.333333333333336,,0.322,,delta_V_V0_pct
Fig2h,normal_beagle,46.666666666666664,,0.319,,delta_V_V0_pct
Fig2h,normal_beagle,47.0,,0.319,,delta_V_V0_pct
Fig2h,normal_beagle,47.333333333333336,,0.323,,delta_V_V0_pct
Fig2h,normal_beagle,47.666666666666664,,0.322,,delta_V_V0_pct
Fig2h,normal_beagle,48.0,,0.324,,delta_V_V0_pct
Fig2h,normal_beagle,48.333333333333336,,0.325,,delta_V_V0_pct
Fig2h,normal_beagle,48.666666666666664,,0.331,,delta_V_V0_pct
Fig2h,normal_beagle,49.0,,0.33,,delta_V_V0_pct
Fig2h,normal_beagle,49.333333333333336,,0.329,,delta_V_V0_pct
Fig2h,normal_beagle,49.666666666666664,,0.325,,delta_V_V0_pct
Fig2h,normal_beagle,50.0,,0.324,,delta_V_V0_pct
Fig2h,normal_beagle,50.333333333333336,,0.322,,delta_V_V0_pct
Fig2h,normal_beagle,50.666666666666664,,0.321,,delta_V_V0_pct
Fig2h,normal_beagle,51.0,,0.323,,delta_V_V0_pct
Fig2h,normal_beagle,51.333333333333336,,0.323,,delta_V_V0_pct
Fig2h,normal_beagle,51.666666666666664,,0.325,,delta_V_V0_pct
Fig3c,normal_beagle,0.0,6.21,0.423,,
Fig3c,normal_beagle,1.0,,0.393,,
Fig3c,normal_beagle,2.0,,0.373,,
Fig3c,normal_beagle,3.0,,0.368,,
Fig3c,normal_beagle,4.0,,0.4,,
Fig3c,normal_beagle,5.0,,0.389,,
Fig3c,normal_beagle,6.0,,0.423,,
Fig3c,normal_beagle,7.0,,0.38,,
Fig3c,normal_beagle,8.0,,0.42,,
Fig3c,normal_beagle,9.0,,0.379,,
Fig3c,normal_beagle,10.0,7.13,0.362,,
Fig3c,normal_beagle,11.0,,0.412,,
Fig3c,normal_beagle,12.0,,0.451,,
Fig3c,normal_beagle,13.0,,0.429,,
Fig3c,normal_beagle,14.0,,0.49,,
Fig3c,normal_beagle,15.0,,0.51,,
Fig3c,normal_beagle,16.0,,0.544,,
Fig3c,normal_beagle,17.0,,0.503,,
Fig3c,normal_beagle,18.0,,0.549,,
Fig3c,normal_beagle,19.0,,0.569,,
Fig3c,normal_beagle,20.0,8.54,0.562,,
Fig3c,normal_beagle,21.0,,0.589,,
Fig3c,normal_beagle,22.0,,0.61,,
Fig3c,normal_beagle,23.0,,0.629,,
Fig3c,normal_beagle,24.0,,0.631,,
Fig3c,normal_beagle,25.0,,0.662,,
Fig3c,normal_beagle,26.0,,0.696,,
Fig3c,normal_beagle,27.0,,0.723,,
Fig3c,normal_beagle,28.0,,0.709,,
Fig3c,normal_beagle,29.0,,0.743,,
Fig3c,normal_beagle,30.0,9.88,0.757,,
Fig3c,normal_beagle,31.0,,0.779,,
Fig3c,normal_beagle,32.0,,0.809,,
Fig3c,normal_beagle,33.0,,0.832,,
Fig3c,normal_beagle,34.0,,0.813,,
Fig3c,normal_beagle,35.0,,0.862,,
Fig3c,normal_beagle,36.0,,0.858,,
Fig3c,normal_beagle,37.0,,0.869,,
Fig3c,normal_beagle,38.0,,0.889,,
Fig3c,normal_beagle,39.0,,0.9,,
Fig3c,normal_beagle,40.0,11.04,0.926,,
Fig3c,normal_beagle,41.0,,0.919,,
Fig3c,normal_beagle,42.0,,0.937,,
Fig3c,normal_beagle,43.0,,0.941,,
Fig3c,normal_beagle,44.0,,0.96,,
Fig3c,normal_beagle,45.0,,0.967,,
Fig3c,normal_beagle,46.0,,0.978,,
Fig3c,normal_beagle,47.0,,0.991,,
Fig3c,normal_beagle,48.0,,0.977,,
Fig3c,normal_beagle,49.0,,1.006,,
Fig3c,normal_beagle,50.0,10.11,1.039,,
Fig3c,normal_beagle,51.0,,1.033,,
Fig3c,normal_beagle,52.0,,1.056,,
Fig3c,normal_beagle,53.0,,1.059,,
Fig3c,normal_beagle,54.0,,1.05,,
Fig3c,normal_beagle,55.0,,1.037,,
Fig3c,normal_beagle,56.0,,1.04,,
Fig3c,normal_beagle,57.0,,1.022,,
Fig3c,normal_beagle,58.0,,1.011,,
Fig3c,normal_beagle,59.0,,0.978,,
Fig3c,normal_beagle,60.0,9.41,0.976,,
Fig3c,normal_beagle,61.0,,0.971,,
Fig3c,normal_beagle,62.0,,0.979,,
Fig3c,normal_beagle,63.0,,0.958,,
Fig3c,normal_beagle,64.0,,0.95,,
Fig3c,normal_beagle,65.0,,0.962,,
Fig3c,normal_beagle,66.0,,0.942,,
Fig3c,normal_beagle,67.0,,0.958,,
Fig3c,normal_beagle,68.0,,0.95,,
Fig3c,normal_beagle,69.0,,0.95,,
Fig3c,normal_beagle,70.0,8.55,0.939,,
Fig3c,normal_beagle,71.0,,0.933,,
Fig3c,normal_beagle,72.0,,0.921,,
Fig3c,normal_beagle,73.0,,0.929,,
Fig3c,normal_beagle,74.0,,0.92,,
Fig3c,normal_beagle,75.0,,0.908,,
Fig3c,normal_beagle,76.0,,0.91,,
Fig3c,normal_beagle,77.0,,0.901,,
Fig3c,normal_beagle,78.0,,0.89,,
Fig3c,normal_beagle,79.0,,0.889,,
Fig3c,normal_beagle,80.0,7.98,0.876,,
Fig3c,normal_beagle,81.0,,0.858,,
Fig3c,normal_beagle,82.0,,0.87,,
Fig3c,normal_beagle,83.0,,0.853,,
Fig3c,normal_beagle,84.0,,0.858,,
Fig3c,normal_beagle,85.0,,0.858,,
Fig3c,normal_beagle,86.0,,0.84,,
Fig3c,normal_beagle,87.0,,0.83,,
Fig3c,normal_beagle,88.0,,0.81,,
Fig3c,normal_beagle,89.0,,0.787,,
Fig3c,normal_beagle,90.0,7.44,0.804,,
Fig3c,normal_beagle,91.0,,0.756,,
Fig3c,normal_beagle,92.0,,0.749,,
Fig3c,normal_beagle,93.0,,0.753,,
Fig3c,normal_beagle,94.0,,0.74,,
Fig3c,normal_beagle,95.0,,0.73,,
Fig3c,normal_beagle,96.0,,0.74,,
Fig3c,normal_beagle,97.0,,0.731,,
Fig3c,normal_beagle,98.0,,0.721,,
Fig3c,normal_beagle,99.0,,0.708,,
Fig3c,normal_beagle,100.0,7.02,0.703,,
Fig3c,normal_beagle,101.0,,0.691,,
Fig3c,normal_beagle,102.0,,0.688,,
Fig3c,normal_beagle,103.0,,0.68,,
Fig3c,normal_beagle,104.0,,0.666,,
Fig3c,normal_beagle,105.0,,0.671,,
Fig3c,normal_beagle,106.0,,0.656,,
Fig3c,normal_beagle,107.0,,0.671,,
Fig3c,normal_beagle,108.0,,0.68,,
Fig3c,normal_beagle,109.0,,0.65,,
Fig3c,normal_beagle,110.0,6.71,0.637,,
Fig3c,normal_beagle,111.0,,0.651,,
Fig3c,normal_beagle,112.0,,0.647,,
Fig3c,normal_beagle,113.0,,0.641,,
Fig3c,normal_beagle,114.0,,0.628,,
Fig3c,normal_beagle,115.0,,0.607,,
Fig3c,normal_beagle,116.0,,0.622,,
Fig3c,normal_beagle,117.0,,0.634,,
Fig3c,normal_beagle,118.0,,0.618,,
Fig3c,normal_beagle,119.0,,0.61,,
Fig3c,normal_beagle,120.0,6.58,0.614,,
Fig4e_normal,normal_beagle,-15.0,3.94,0.231,,
Fig4e_normal,normal_beagle,-14.0,,0.22,,
Fig4e_normal,normal_beagle,-13.0,,0.227,,
Fig4e_normal,normal_beagle,-12.0,,0.23,,
Fig4e_normal,normal_beagle,-11.0,,0.211,,
Fig4e_normal,normal_beagle,-10.0,,0.25,,
Fig4e_normal,normal_beagle,-9.0,,0.238,,
Fig4e_normal,normal_beagle,-8.0,,0.22,,
Fig4e_normal,normal_beagle,-7.0,,0.218,,
Fig4e_normal,normal_beagle,-6.0,,0.23,,
Fig4e_normal,normal_beagle,-5.0,,0.229,,
Fig4e_normal,normal_beagle,-4.0,,0.22,,
Fig4e_normal,normal_beagle,-3.0,,0.24,,
Fig4e_normal,normal_beagle,-2.0,,0.243,,
Fig4e_normal,normal_beagle,-1.0,,0.241,,
Fig4e_normal,normal_beagle,0.0,4.06,0.25,,
Fig4e_normal,normal_beagle,1.0,,0.237,,
Fig4e_normal,normal_beagle,2.0,14.16,0.252,,
Fig4e_normal,normal_beagle,3.0,,0.269,,
Fig4e_normal,normal_beagle,4.0,,0.282,,
Fig4e_normal,normal_beagle,5.0,16.72,0.31,,
Fig4e_normal,normal_beagle,6.0,,0.4,,
Fig4e_normal,normal_beagle,7.0,,0.462,,
Fig4e_normal,normal_beagle,8.0,,0.429,,
Fig4e_normal,normal_beagle,9.0,,0.522,,
Fig4e_normal,normal_beagle,10.0,13.4,0.53,,
Fig4e_normal,normal_beagle,11.0,,0.61,,
Fig4e_normal,normal_beagle,12.0,,0.651,,
Fig4e_normal,normal_beagle,13.0,,0.69,,
Fig4e_normal,normal_beagle,14.0,,0.788,,
Fig4e_normal,normal_beagle,15.0,12.28,0.844,,
Fig4e_normal,normal_beagle,16.0,,0.86,,
Fig4e_normal,normal_beagle,17.0,,0.91,,
Fig4e_normal,normal_beagle,18.0,,0.888,,
Fig4e_normal,normal_beagle,19.0,,0.885,,
Fig4e_normal,normal_beagle,20.0,,0.829,,
Fig4e_normal,normal_beagle,21.0,,0.813,,
Fig4e_normal,normal_beagle,22.0,,0.822,,
Fig4e_normal,normal_beagle,23.0,,0.761,,
Fig4e_normal,normal_beagle,24.0,,0.741,,
Fig4e_normal,normal_beagle,25.0,,0.746,,
Fig4e_normal,normal_beagle,26.0,,0.689,,
Fig4e_normal,normal_beagle,27.0,,0.702,,
Fig4e_normal,normal_beagle,28.0,,0.641,,
Fig4e_normal,normal_beagle,29.0,,0.598,,
Fig4e_normal,normal_beagle,30.0,10.23,0.569,,
Fig4e_normal,normal_beagle,31.0,,0.593,,
Fig4e_normal,normal_beagle,32.0,,0.59,,
Fig4e_normal,normal_beagle,33.0,,0.584,,
Fig4e_normal,normal_beagle,34.0,,0.563,,
Fig4e_normal,normal_beagle,35.0,,0.54,,
Fig4e_normal,normal_beagle,36.0,,0.529,,
Fig4e_normal,normal_beagle,37.0,,0.552,,
Fig4e_normal,normal_beagle,38.0,,0.553,,
Fig4e_normal,normal_beagle,39.0,,0.539,,
Fig4e_normal,normal_beagle,40.0,,0.542,,
Fig4e_normal,normal_beagle,41.0,,0.551,,
Fig4e_normal,normal_beagle,42.0,,0.518,,
Fig4e_normal,normal_beagle,43.0,,0.524,,
Fig4e_normal,normal_beagle,44.0,,0.531,,
Fig4e_normal,normal_beagle,45.0,9.12,0.519,,
Fig4e_normal,normal_beagle,46.0,,0.522,,
Fig4e_normal,normal_beagle,47.0,,0.51,,
Fig4e_normal,normal_beagle,48.0,,0.539,,
Fig4e_normal,normal_beagle,49.0,,0.522,,
Fig4e_normal,normal_beagle,50.0,,0.511,,
Fig4e_normal,normal_beagle,51.0,,0.511,,
Fig4e_normal,normal_beagle,52.0,,0.5,,
Fig4e_normal,normal_beagle,53.0,,0.447,,
Fig4e_normal,normal_beagle,54.0,,0.44,,
Fig4e_normal,normal_beagle,55.0,,0.459,,
Fig4e_normal,normal_beagle,56.0,,0.432,,
Fig4e_normal,normal_beagle,57.0,,0.42,,
Fig4e_normal,normal_beagle,58.0,,0.399,,
Fig4e_normal,normal_beagle,59.0,,0.392,,
Fig4e_normal,normal_beagle,60.0,8.3,0.401,,
Fig4e_normal,normal_beagle,61.0,,0.369,,
Fig4e_normal,normal_beagle,62.0,,0.411,,
Fig4e_normal,normal_beagle,63.0,,0.4,,
Fig4e_normal,normal_beagle,64.0,,0.378,,
Fig4e_normal,normal_beagle,65.0,,0.368,,
Fig4e_normal,normal_beagle,66.0,,0.403,,
Fig4e_normal,normal_beagle,67.0,,0.41,,
Fig4e_normal,normal_beagle,68.0,,0.401,,
Fig4e_normal,normal_beagle,69.0,,0.402,,
Fig4e_normal,normal_beagle,70.0,,0.381,,
Fig4e_normal,normal_beagle,71.0,,0.368,,
Fig4e_normal,normal_beagle,72.0,,0.368,,
Fig4e_normal,normal_beagle,73.0,,0.384,,
Fig4e_normal,normal_beagle,74.0,,0.364,,
Fig4e_normal,normal_beagle,75.0,7.02,0.35,,
Fig4e_normal,normal_beagle,76.0,,0.349,,
Fig4e_normal,normal_beagle,77.0,,0.358,,
Fig4e_normal,normal_beagle,78.0,,0.35,,
Fig4e_normal,normal_beagle,79.0,,0.361,,
Fig4e_normal,normal_beagle,80.0,,0.364,,
Fig4e_normal,normal_beagle,81.0,,0.332,,
Fig4e_normal,normal_beagle,82.0,,0.339,,
Fig4e_normal,normal_beagle,83.0,,0.33,,
Fig4e_normal,normal_beagle,84.0,,0.331,,
Fig4e_normal,normal_beagle,85.0,,0.32,,
Fig4e_normal,normal_beagle,86.0,,0.291,,
Fig4e_normal,normal_beagle,87.0,,0.329,,
Fig4e_normal,normal_beagle,88.0,,0.319,,
Fig4e_normal,normal_beagle,89.0,,0.308,,
Fig4e_normal,normal_beagle,90.0,6.51,0.304,,
Fig4e_normal,normal_beagle,91.0,,0.3,,
Fig4e_normal,normal_beagle,92.0,,0.313,,
Fig4e_normal,normal_beagle,93.0,,0.339,,
Fig4e_normal,normal_beagle,94.0,,0.35,,
Fig4e_normal,normal_beagle,95.0,,0.312,,
Fig4e_normal,normal_beagle,96.0,,0.308,,
Fig4e_normal,normal_beagle,97.0,,0.289,,
Fig4e_normal,normal_beagle,98.0,,0.289,,
Fig4e_normal,normal_beagle,99.0,,0.321,,
Fig4e_normal,normal_beagle,100.0,,0.301,,
Fig4e_normal,normal_beagle,101.0,,0.299,,
Fig4e_normal,normal_beagle,102.0,,0.306,,
Fig4e_normal,normal_beagle,103.0,,0.311,,
Fig4e_normal,normal_beagle,104.0,,0.313,,
Fig4e_normal,normal_beagle,105.0,5.67,0.299,,
Fig4e_normal,normal_beagle,106.0,,0.301,,
Fig4e_normal,normal_beagle,107.0,,0.308,,
Fig4e_normal,normal_beagle,108.0,,0.3,,
Fig4e_normal,normal_beagle,109.0,,0.287,,
Fig4e_normal,normal_beagle,110.0,,0.29,,
Fig4e_normal,normal_beagle,111.0,,0.288,,
Fig4e_normal,normal_beagle,112.0,,0.308,,
Fig4e_normal,normal_beagle,113.0,,0.302,,
Fig4e_normal,normal_beagle,114.0,,0.3,,
Fig4e_normal,normal_beagle,115.0,,0.311,,
Fig4e_normal,normal_beagle,116.0,,0.291,,
Fig4e_normal,normal_beagle,117.0,,0.279,,
Fig4e_normal,normal_beagle,118.0,,0.276,,
Fig4e_normal,normal_beagle,119.0,,0.302,,
Fig4e_normal,normal_beagle,120.0,,0.278,,
Fig4e_normal,normal_beagle,121.0,,0.279,,
Fig4e_normal,normal_beagle,122.0,,0.29,,
Fig4e_normal,normal_beagle,123.0,,0.279,,
Fig4e_normal,normal_beagle,124.0,,0.28,,
Fig4e_normal,normal_beagle,125.0,,0.261,,
Fig4f_diabetic,diabetic_beagle,-15.0,13.83,0.75,,
Fig4f_diabetic,diabetic_beagle,-14.0,,0.746,,
Fig4f_diabetic,diabetic_beagle,-13.0,,0.749,,
Fig4f_diabetic,diabetic_beagle,-12.0,,0.76,,
Fig4f_diabetic,diabetic_beagle,-11.0,,0.749,,
Fig4f_diabetic,diabetic_beagle,-10.0,,0.751,,
Fig4f_diabetic,diabetic_beagle,-9.0,,0.751,,
Fig4f_diabetic,diabetic_beagle,-8.0,,0.735,,
Fig4f_diabetic,diabetic_beagle,-7.0,,0.75,,
Fig4f_diabetic,diabetic_beagle,-6.0,,0.75,,
Fig4f_diabetic,diabetic_beagle,-5.0,,0.77,,
Fig4f_diabetic,diabetic_beagle,-4.0,,0.75,,
Fig4f_diabetic,diabetic_beagle,-3.0,,0.731,,
Fig4f_diabetic,diabetic_beagle,-2.0,,0.742,,
Fig4f_diabetic,diabetic_beagle,-1.0,,0.749,,
Fig4f_diabetic,diabetic_beagle,0.0,13.79,0.771,,
Fig4f_diabetic,diabetic_beagle,1.0,,0.862,,
Fig4f_diabetic,diabetic_beagle,2.0,21.54,0.922,,
Fig4f_diabetic,diabetic_beagle,3.0,,0.901,,
Fig4f_diabetic,diabetic_beagle,4.0,,0.98,,
Fig4f_diabetic,diabetic_beagle,5.0,28.39,0.969,,
Fig4f_diabetic,diabetic_beagle,6.0,,1.073,,
Fig4f_diabetic,diabetic_beagle,7.0,,1.18,,
Fig4f_diabetic,diabetic_beagle,8.0,,1.308,,
Fig4f_diabetic,diabetic_beagle,9.0,,1.482,,
Fig4f_diabetic,diabetic_beagle,10.0,22.72,1.527,,
Fig4f_diabetic,diabetic_beagle,11.0,,1.757,,
Fig4f_diabetic,diabetic_beagle,12.0,,1.85,,
Fig4f_diabetic,diabetic_beagle,13.0,,1.821,,
Fig4f_diabetic,diabetic_beagle,14.0,,1.998,,
Fig4f_diabetic,diabetic_beagle,15.0,22.05,2.03,,
Fig4f_diabetic,diabetic_beagle,16.0,,1.978,,
Fig4f_diabetic,diabetic_beagle,17.0,,1.881,,
Fig4f_diabetic,diabetic_beagle,18.0,,1.85,,
Fig4f_diabetic,diabetic_beagle,19.0,,1.721,,
Fig4f_diabetic,diabetic_beagle,20.0,,1.67,,
Fig4f_diabetic,diabetic_beagle,21.0,,1.602,,
Fig4f_diabetic,diabetic_beagle,22.0,,1.61,,
Fig4f_diabetic,diabetic_beagle,23.0,,1.511,,
Fig4f_diabetic,diabetic_beagle,24.0,,1.498,,
Fig4f_diabetic,diabetic_beagle,25.0,,1.482,,
Fig4f_diabetic,diabetic_beagle,26.0,,1.46,,
Fig4f_diabetic,diabetic_beagle,27.0,,1.462,,
Fig4f_diabetic,diabetic_beagle,28.0,,1.47,,
Fig4f_diabetic,diabetic_beagle,29.0,,1.433,,
Fig4f_diabetic,diabetic_beagle,30.0,18.06,1.421,,
Fig4f_diabetic,diabetic_beagle,31.0,,1.399,,
Fig4f_diabetic,diabetic_beagle,32.0,,1.37,,
Fig4f_diabetic,diabetic_beagle,33.0,,1.363,,
Fig4f_diabetic,diabetic_beagle,34.0,,1.338,,
Fig4f_diabetic,diabetic_beagle,35.0,,1.331,,
Fig4f_diabetic,diabetic_beagle,36.0,,1.332,,
Fig4f_diabetic,diabetic_beagle,37.0,,1.351,,
Fig4f_diabetic,diabetic_beagle,38.0,,1.328,,
Fig4f_diabetic,diabetic_beagle,39.0,,1.293,,
Fig4f_diabetic,diabetic_beagle,40.0,,1.282,,
Fig4f_diabetic,diabetic_beagle,41.0,,1.28,,
Fig4f_diabetic,diabetic_beagle,42.0,,1.265,,
Fig4f_diabetic,diabetic_beagle,43.0,,1.253,,
Fig4f_diabetic,diabetic_beagle,44.0,,1.229,,
Fig4f_diabetic,diabetic_beagle,45.0,16.78,1.211,,
Fig4f_diabetic,diabetic_beagle,46.0,,1.198,,
Fig4f_diabetic,diabetic_beagle,47.0,,1.161,,
Fig4f_diabetic,diabetic_beagle,48.0,,1.16,,
Fig4f_diabetic,diabetic_beagle,49.0,,1.121,,
Fig4f_diabetic,diabetic_beagle,50.0,16.55,1.15,,
Fig4f_diabetic,diabetic_beagle,51.0,,1.12,,
Fig4f_diabetic,diabetic_beagle,52.0,,1.158,,
Fig4f_diabetic,diabetic_beagle,53.0,,1.169,,
Fig4f_diabetic,diabetic_beagle,54.0,,1.178,,
Fig4f_diabetic,diabetic_beagle,55.0,15.16,1.179,,
Fig4f_diabetic,diabetic_beagle,56.0,,1.18,,
Fig4f_diabetic,diabetic_beagle,57.0,,1.171,,
Fig4f_diabetic,diabetic_beagle,58.0,,1.137,,
Fig4f_diabetic,diabetic_beagle,59.0,,1.113,,
Fig4f_diabetic,diabetic_beagle,60.0,14.27,1.09,,
Fig4f_diabetic,diabetic_beagle,61.0,,1.079,,
Fig4f_diabetic,diabetic_beagle,62.0,,1.038,,
Fig4f_diabetic,diabetic_beagle,63.0,,1.059,,
Fig4f_diabetic,diabetic_beagle,64.0,,1.025,,
Fig4f_diabetic,diabetic_beagle,65.0,,1.016,,
Fig4f_diabetic,diabetic_beagle,66.0,,0.988,,
Fig4f_diabetic,diabetic_beagle,67.0,,0.96,,
Fig4f_diabetic,diabetic_beagle,68.0,,0.932,,
Fig4f_diabetic,diabetic_beagle,69.0,,0.911,,
Fig4f_diabetic,diabetic_beagle,70.0,,0.929,,
Fig4f_diabetic,diabetic_beagle,71.0,,0.919,,
Fig4f_diabetic,diabetic_beagle,72.0,,0.899,,
Fig4f_diabetic,diabetic_beagle,73.0,,0.89,,
Fig4f_diabetic,diabetic_beagle,74.0,,0.913,,
Fig4f_diabetic,diabetic_beagle,75.0,10.0,0.94,,
Fig4f_diabetic,diabetic_beagle,76.0,,0.95,,
Fig4f_diabetic,diabetic_beagle,77.0,,0.92,,
Fig4f_diabetic,diabetic_beagle,78.0,,0.889,,
Fig4f_diabetic,diabetic_beagle,79.0,,0.866,,
Fig4f_diabetic,diabetic_beagle,80.0,,0.871,,
Fig4f_diabetic,diabetic_beagle,81.0,,0.852,,
Fig4f_diabetic,diabetic_beagle,82.0,,0.792,,
Fig4f_diabetic,diabetic_beagle,83.0,,0.798,,
Fig4f_diabetic,diabetic_beagle,84.0,,0.809,,
Fig4f_diabetic,diabetic_beagle,85.0,,0.799,,
Fig4f_diabetic,diabetic_beagle,86.0,,0.802,,
Fig4f_diabetic,diabetic_beagle,87.0,,0.801,,
Fig4f_diabetic,diabetic_beagle,88.0,,0.787,,
Fig4f_diabetic,diabetic_beagle,89.0,,0.77,,
Fig4f_diabetic,diabetic_beagle,90.0,7.44,0.769,,
Fig4f_diabetic,diabetic_beagle,91.0,,0.741,,
Fig4f_diabetic,diabetic_beagle,92.0,,0.729,,
Fig4f_diabetic,diabetic_beagle,93.0,,0.71,,
Fig4f_diabetic,diabetic_beagle,94.0,,0.729,,
Fig4f_diabetic,diabetic_beagle,95.0,,0.743,,
Fig4f_diabetic,diabetic_beagle,96.0,,0.702,,
Fig4f_diabetic,diabetic_beagle,97.0,,0.694,,
Fig4f_diabetic,diabetic_beagle,98.0,,0.69,,
Fig4f_diabetic,diabetic_beagle,99.0,,0.67,,
Fig4f_diabetic,diabetic_beagle,100.0,,0.658,,
Fig4f_diabetic,diabetic_beagle,101.0,,0.648,,
Fig4f_diabetic,diabetic_beagle,102.0,,0.63,,
Fig4f_diabetic,diabetic_beagle,103.0,,0.631,,
Fig4f_diabetic,diabetic_beagle,104.0,,0.62,,
Fig4f_diabetic,diabetic_beagle,105.0,5.11,0.62,,
Fig4f_diabetic,diabetic_beagle,106.0,,0.589,,
Fig4f_diabetic,diabetic_beagle,107.0,,0.601,,
Fig4f_diabetic,diabetic_beagle,108.0,,0.599,,
Fig4f_diabetic,diabetic_beagle,109.0,,0.607,,
Fig4f_diabetic,diabetic_beagle,110.0,,0.621,,
Fig4f_diabetic,diabetic_beagle,111.0,,0.61,,
Fig4f_diabetic,diabetic_beagle,112.0,,0.59,,
Fig4f_diabetic,diabetic_beagle,113.0,,0.59,,
Fig4f_diabetic,diabetic_beagle,114.0,,0.58,,
Fig4f_diabetic,diabetic_beagle,115.0,,0.559,,
Fig4f_diabetic,diabetic_beagle,116.0,,0.574,,
Fig4f_diabetic,diabetic_beagle,117.0,,0.595,,
Fig4f_diabetic,diabetic_beagle,118.0,,0.573,,
Fig4f_diabetic,diabetic_beagle,119.0,,0.522,,
Fig4f_diabetic,diabetic_beagle,120.0,,0.491,,
Fig4f_diabetic,diabetic_beagle,121.0,,0.478,,
Fig4f_diabetic,diabetic_beagle,122.0,,0.469,,
Fig4f_diabetic,diabetic_beagle,123.0,,0.471,,
Fig4f_diabetic,diabetic_beagle,124.0,,0.459,,
Fig4f_diabetic,diabetic_beagle,125.0,,0.471,,
Fig5c_human1,human,-5.0,5.1,0.33,,
Fig5c_human1,human,-4.0,,0.327,,
Fig5c_human1,human,-3.0,,0.333,,
Fig5c_human1,human,-2.0,,0.332,,
Fig5c_human1,human,-1.0,,0.33,,
Fig5c_human1,human,0.0,5.05,0.329,,
Fig5c_human1,human,1.0,,0.333,,
Fig5c_human1,human,2.0,,0.332,,
Fig5c_human1,human,3.0,,0.334,,
Fig5c_human1,human,4.0,,0.336,,
Fig5c_human1,human,5.0,5.41,0.33,,
Fig5c_human1,human,6.0,,0.345,,
Fig5c_human1,human,7.0,,0.349,,
Fig5c_human1,human,8.0,,0.351,,
Fig5c_human1,human,9.0,,0.364,,
Fig5c_human1,human,10.0,6.03,0.37,,
Fig5c_human1,human,11.0,,0.365,,
Fig5c_human1,human,12.0,,0.364,,
Fig5c_human1,human,13.0,,0.382,,
Fig5c_human1,human,14.0,,0.386,,
Fig5c_human1,human,15.0,6.44,0.399,,
Fig5c_human1,human,16.0,,0.403,,
Fig5c_human1,human,17.0,,0.406,,
Fig5c_human1,human,18.0,,0.407,,
Fig5c_human1,human,19.0,,0.403,,
Fig5c_human1,human,20.0,7.08,0.414,,
Fig5c_human1,human,21.0,,0.403,,
Fig5c_human1,human,22.0,,0.415,,
Fig5c_human1,human,23.0,,0.415,,
Fig5c_human1,human,24.0,,0.435,,
Fig5c_human1,human,25.0,7.6,0.427,,
Fig5c_human1,human,26.0,,0.439,,
Fig5c_human1,human,27.0,,0.429,,
Fig5c_human1,human,28.0,,0.431,,
Fig5c_human1,human,29.0,,0.44,,
Fig5c_human1,human,30.0,8.29,0.447,,
Fig5c_human1,human,31.0,,0.454,,
Fig5c_human1,human,32.0,,0.46,,
Fig5c_human1,human,33.0,,0.455,,
Fig5c_human1,human,34.0,,0.472,,
Fig5c_human1,human,35.0,8.88,0.474,,
Fig5c_human1,human,36.0,,0.474,,
Fig5c_human1,human,37.0,,0.494,,
Fig5c_human1,human,38.0,,0.503,,
Fig5c_human1,human,39.0,,0.517,,
Fig5c_human1,human,40.0,9.16,0.527,,
Fig5c_human1,human,41.0,,0.533,,
Fig5c_human1,human,42.0,,0.542,,
Fig5c_human1,human,43.0,,0.539,,
Fig5c_human1,human,44.0,,0.549,,
Fig5c_human1,human,45.0,9.04,0.557,,
Fig5c_human1,human,46.0,,0.559,,
Fig5c_human1,human,47.0,,0.573,,
Fig5c_human1,human,48.0,,0.581,,
Fig5c_human1,human,49.0,,0.593,,
Fig5c_human1,human,50.0,8.83,0.601,,
Fig5c_human1,human,51.0,,0.598,,
Fig5c_human1,human,52.0,,0.593,,
Fig5c_human1,human,53.0,,0.599,,
Fig5c_human1,human,54.0,,0.608,,
Fig5c_human1,human,55.0,8.7,0.608,,
Fig5c_human1,human,56.0,,0.611,,
Fig5c_human1,human,57.0,,0.616,,
Fig5c_human1,human,58.0,,0.601,,
Fig5c_human1,human,59.0,,0.593,,
Fig5c_human1,human,60.0,8.45,0.585,,
Fig5c_human1,human,61.0,,0.587,,
Fig5c_human1,human,62.0,,0.578,,
Fig5c_human1,human,63.0,,0.581,,
Fig5c_human1,human,64.0,,0.588,,
Fig5c_human1,human,65.0,8.21,0.573,,
Fig5c_human1,human,66.0,,0.569,,
Fig5c_human1,human,67.0,,0.573,,
Fig5c_human1,human,68.0,,0.573,,
Fig5c_human1,human,69.0,,0.566,,
Fig5c_human1,human,70.0,7.96,0.57,,
Fig5c_human1,human,71.0,,0.566,,
Fig5c_human1,human,72.0,,0.563,,
Fig5c_human1,human,73.0,,0.558,,
Fig5c_human1,human,74.0,,0.556,,
Fig5c_human1,human,75.0,7.63,0.55,,
Fig5c_human1,human,76.0,,0.549,,
Fig5c_human1,human,77.0,,0.534,,
Fig5c_human1,human,78.0,,0.528,,
Fig5c_human1,human,79.0,,0.523,,
Fig5c_human1,human,80.0,7.29,0.521,,
Fig5c_human1,human,81.0,,0.517,,
Fig5c_human1,human,82.0,,0.518,,
Fig5c_human1,human,83.0,,0.521,,
Fig5c_human1,human,84.0,,0.529,,
Fig5c_human1,human,85.0,7.05,0.525,,
Fig5c_human1,human,86.0,,0.51,,
Fig5c_human1,human,87.0,,0.494,,
Fig5c_human1,human,88.0,,0.488,,
Fig5c_human1,human,89.0,,0.484,,
Fig5c_human1,human,90.0,6.73,0.487,,
Fig5c_human1,human,91.0,,0.475,,
Fig5c_human1,human,92.0,,0.46,,
Fig5c_human1,human,93.0,,0.466,,
Fig5c_human1,human,94.0,,0.467,,
Fig5c_human1,human,95.0,6.52,0.476,,
Fig5c_human1,human,96.0,,0.475,,
Fig5c_human1,human,97.0,,0.477,,
Fig5c_human1,human,98.0,,0.469,,
Fig5c_human1,human,99.0,,0.466,,
Fig5c_human1,human,100.0,6.19,0.459,,
Fig5c_human1,human,101.0,,0.458,,
Fig5c_human1,human,102.0,,0.442,,
Fig5c_human1,human,103.0,,0.442,,
Fig5c_human1,human,104.0,,0.428,,
Fig5c_human1,human,105.0,5.88,0.439,,
Fig5c_human1,human,106.0,,0.444,,
Fig5c_human1,human,107.0,,0.442,,
Fig5c_human1,human,108.0,,0.429,,
Fig5c_human1,human,109.0,,0.437,,
Fig5c_human1,human,110.0,5.64,0.423,,
Fig5c_human1,human,111.0,,0.413,,
Fig5c_human1,human,112.0,,0.415,,
Fig5c_human1,human,113.0,,0.413,,
Fig5c_human1,human,114.0,,0.412,,
Fig5c_human1,human,115.0,5.3,0.402,,
Fig5c_human1,human,116.0,,0.415,,
Fig5c_human1,human,117.0,,0.408,,
Fig5c_human1,human,118.0,,0.397,,
Fig5c_human1,human,119.0,,0.388,,
Fig5c_human1,human,120.0,5.22,0.379,,
Fig5c_human1,human,-5.0,5.88,0.362,,
Fig5c_human1,human,-4.0,,0.366,,
Fig5c_human1,human,-3.0,,0.36,,
Fig5c_human1,human,-2.0,,0.363,,
Fig5c_human1,human,-1.0,,0.369,,
Fig5c_human1,human,0.0,5.83,0.366,,
Fig5c_human1,human,1.0,,0.36,,
Fig5c_human1,human,2.0,,0.361,,
Fig5c_human1,human,3.0,,0.365,,
Fig5c_human1,human,4.0,,0.369,,
Fig5c_human1,human,5.0,5.99,0.363,,
Fig5c_human1,human,6.0,,0.362,,
Fig5c_human1,human,7.0,,0.359,,
Fig5c_human1,human,8.0,,0.363,,
Fig5c_human1,human,9.0,,0.368,,
Fig5c_human1,human,10.0,6.58,0.361,,
Fig5c_human1,human,11.0,,0.37,,
Fig5c_human1,human,12.0,,0.376,,
Fig5c_human1,human,13.0,,0.388,,
Fig5c_human1,human,14.0,,0.394,,
Fig5c_human1,human,15.0,7.02,0.387,,
Fig5c_human1,human,16.0,,0.4,,
Fig5c_human1,human,17.0,,0.402,,
Fig5c_human1,human,18.0,,0.412,,
Fig5c_human1,human,19.0,,0.418,,
Fig5c_human1,human,20.0,7.53,0.421,,
Fig5c_human1,human,21.0,,0.421,,
Fig5c_human1,human,22.0,,0.435,,
Fig5c_human1,human,23.0,,0.437,,
Fig5c_human1,human,24.0,,0.429,,
Fig5c_human1,human,25.0,8.08,0.42,,
Fig5c_human1,human,26.0,,0.438,,
Fig5c_human1,human,27.0,,0.439,,
Fig5c_human1,human,28.0,,0.437,,
Fig5c_human1,human,29.0,,0.433,,
Fig5c_human1,human,30.0,8.84,0.432,,
Fig5c_human1,human,31.0,,0.444,,
Fig5c_human1,human,32.0,,0.448,,
Fig5c_human1,human,33.0,,0.469,,
Fig5c_human1,human,34.0,,0.483,,
Fig5c_human1,human,35.0,9.31,0.497,,
Fig5c_human1,human,36.0,,0.514,,
Fig5c_human1,human,37.0,,0.532,,
Fig5c_human1,human,38.0,,0.534,,
Fig5c_human1,human,39.0,,0.547,,
Fig5c_human1,human,40.0,9.44,0.546,,
Fig5c_human1,human,41.0,,0.545,,
Fig5c_human1,human,42.0,,0.554,,
Fig5c_human1,human,43.0,,0.547,,
Fig5c_human1,human,44.0,,0.567,,
Fig5c_human1,human,45.0,9.27,0.577,,
Fig5c_human1,human,46.0,,0.592,,
Fig5c_human1,human,47.0,,0.607,,
Fig5c_human1,human,48.0,,0.616,,
Fig5c_human1,human,49.0,,0.619,,
Fig5c_human1,human,50.0,9.02,0.621,,
Fig5c_human1,human,51.0,,0.609,,
Fig5c_human1,human,52.0,,0.597,,
Fig5c_human1,human,53.0,,0.601,,
Fig5c_human1,human,54.0,,0.6,,
Fig5c_human1,human,55.0,8.8,0.583,,
Fig5c_human1,human,56.0,,0.574,,
Fig5c_human1,human,57.0,,0.571,,
Fig5c_human1,human,58.0,,0.562,,
Fig5c_human1,human,59.0,,0.562,,
Fig5c_human1,human,60.0,8.52,0.552,,
Fig5c_human1,human,61.0,,0.555,,
Fig5c_human1,human,62.0,,0.546,,
Fig5c_human1,human,63.0,,0.55,,
Fig5c_human1,human,64.0,,0.536,,
Fig5c_human1,human,65.0,8.21,0.524,,
Fig5c_human1,human,66.0,,0.528,,
Fig5c_human1,human,67.0,,0.529,,
Fig5c_human1,human,68.0,,0.525,,
Fig5c_human1,human,69.0,,0.531,,
Fig5c_human1,human,70.0,7.87,0.527,,
Fig5c_human1,human,71.0,,0.518,,
Fig5c_human1,human,72.0,,0.518,,
Fig5c_human1,human,73.0,,0.505,,
Fig5c_human1,human,74.0,,0.508,,
Fig5c_human1,human,75.0,7.61,0.509,,
Fig5c_human1,human,76.0,,0.509,,
Fig5c_human1,human,77.0,,0.501,,
Fig5c_human1,human,78.0,,0.513,,
Fig5c_human1,human,79.0,,0.512,,
Fig5c_human1,human,80.0,7.29,0.523,,
Fig5c_human1,human,81.0,,0.517,,
Fig5c_human1,human,82.0,,0.512,,
Fig5c_human1,human,83.0,,0.502,,
Fig5c_human1,human,84.0,,0.502,,
Fig5c_human1,human,85.0,7.08,0.503,,
Fig5c_human1,human,86.0,,0.492,,
Fig5c_human1,human,87.0,,0.493,,
Fig5c_human1,human,88.0,,0.485,,
Fig5c_human1,human,89.0,,0.49,,
Fig5c_human1,human,90.0,6.78,0.479,,
Fig5c_human1,human,91.0,,0.477,,
Fig5c_human1,human,92.0,,0.488,,
Fig5c_human1,human,93.0,,0.502,,
Fig5c_human1,human,94.0,,0.498,,
Fig5c_human1,human,95.0,6.59,0.49,,
Fig5c_human1,human,96.0,,0.485,,
Fig5c_human1,human,97.0,,0.488,,
Fig5c_human1,human,98.0,,0.499,,
Fig5c_human1,human,99.0,,0.485,,
Fig5c_human1,human,100.0,6.32,0.478,,
Fig5c_human1,human,101.0,,0.478,,
Fig5c_human1,human,102.0,,0.473,,
Fig5c_human1,human,103.0,,0.462,,
Fig5c_human1,human,104.0,,0.455,,
Fig5c_human1,human,105.0,6.19,0.464,,
Fig5c_human1,human,106.0,,0.447,,
Fig5c_human1,human,107.0,,0.43,,
Fig5c_human1,human,108.0,,0.43,,
Fig5c_human1,human,109.0,,0.431,,
Fig5c_human1,human,110.0,5.83,0.437,,
Fig5c_human1,human,111.0,,0.443,,
Fig5c_human1,human,112.0,,0.422,,
Fig5c_human1,human,113.0,,0.416,,
Fig5c_human1,human,114.0,,0.418,,
Fig5c_human1,human,115.0,5.33,0.409,,
Fig5c_human1,human,116.0,,0.41,,
Fig5c_human1,human,117.0,,0.411,,
Fig5c_human1,human,118.0,,0.41,,
Fig5c_human1,human,119.0,,0.419,,
Fig5c_human1,human,120.0,5.44,0.41,,
Fig5c_human1,human,-5.0,5.22,0.327,,
Fig5c_human1,human,-4.0,,0.325,,
Fig5c_human1,human,-3.0,,0.33,,
Fig5c_human1,human,-2.0,,0.328,,
Fig5c_human1,human,-1.0,,0.322,,
Fig5c_human1,human,0.0,5.16,0.327,,
Fig5c_human1,human,1.0,,0.331,,
Fig5c_human1,human,2.0,,0.33,,
Fig5c_human1,human,3.0,,0.335,,
Fig5c_human1,human,4.0,,0.34,,
Fig5c_human1,human,5.0,5.4,0.338,,
Fig5c_human1,human,6.0,,0.348,,
Fig5c_human1,human,7.0,,0.352,,
Fig5c_human1,human,8.0,,0.354,,
Fig5c_human1,human,9.0,,0.365,,
Fig5c_human1,human,10.0,5.71,0.365,,
Fig5c_human1,human,11.0,,0.37,,
Fig5c_human1,human,12.0,,0.379,,
Fig5c_human1,human,13.0,,0.382,,
Fig5c_human1,human,14.0,,0.379,,
Fig5c_human1,human,15.0,6.28,0.382,,
Fig5c_human1,human,16.0,,0.384,,
Fig5c_human1,human,17.0,,0.394,,
Fig5c_human1,human,18.0,,0.402,,
Fig5c_human1,human,19.0,,0.397,,
Fig5c_human1,human,20.0,7.05,0.397,,
Fig5c_human1,human,21.0,,0.403,,
Fig5c_human1,human,22.0,,0.406,,
Fig5c_human1,human,23.0,,0.416,,
Fig5c_human1,human,24.0,,0.42,,
Fig5c_human1,human,25.0,7.73,0.413,,
Fig5c_human1,human,26.0,,0.429,,
Fig5c_human1,human,27.0,,0.444,,
Fig5c_human1,human,28.0,,0.447,,
Fig5c_human1,human,29.0,,0.454,,
Fig5c_human1,human,30.0,8.0,0.451,,
Fig5c_human1,human,31.0,,0.445,,
Fig5c_human1,human,32.0,,0.48,,
Fig5c_human1,human,33.0,,0.487,,
Fig5c_human1,human,34.0,,0.493,,
Fig5c_human1,human,35.0,8.56,0.492,,
Fig5c_human1,human,36.0,,0.503,,
Fig5c_human1,human,37.0,,0.499,,
Fig5c_human1,human,38.0,,0.495,,
Fig5c_human1,human,39.0,,0.504,,
Fig5c_human1,human,40.0,8.99,0.506,,
Fig5c_human1,human,41.0,,0.499,,
Fig5c_human1,human,42.0,,0.509,,
Fig5c_human1,human,43.0,,0.526,,
Fig5c_human1,human,44.0,,0.536,,
Fig5c_human1,human,45.0,8.77,0.543,,
Fig5c_human1,human,46.0,,0.553,,
Fig5c_human1,human,47.0,,0.556,,
Fig5c_human1,human,48.0,,0.558,,
Fig5c_human1,human,49.0,,0.558,,
Fig5c_human1,human,50.0,8.52,0.563,,
Fig5c_human1,human,51.0,,0.573,,
Fig5c_human1,human,52.0,,0.564,,
Fig5c_human1,human,53.0,,0.556,,
Fig5c_human1,human,54.0,,0.558,,
Fig5c_human1,human,55.0,8.33,0.567,,
Fig5c_human1,human,56.0,,0.567,,
Fig5c_human1,human,57.0,,0.563,,
Fig5c_human1,human,58.0,,0.556,,
Fig5c_human1,human,59.0,,0.546,,
Fig5c_human1,human,60.0,8.12,0.539,,
Fig5c_human1,human,61.0,,0.539,,
Fig5c_human1,human,62.0,,0.536,,
Fig5c_human1,human,63.0,,0.533,,
Fig5c_human1,human,64.0,,0.52,,
Fig5c_human1,human,65.0,7.94,0.508,,
Fig5c_human1,human,66.0,,0.512,,
Fig5c_human1,human,67.0,,0.518,,
Fig5c_human1,human,68.0,,0.514,,
Fig5c_human1,human,69.0,,0.522,,
Fig5c_human1,human,70.0,7.65,0.518,,
Fig5c_human1,human,71.0,,0.521,,
Fig5c_human1,human,72.0,,0.519,,
Fig5c_human1,human,73.0,,0.521,,
Fig5c_human1,human,74.0,,0.523,,
Fig5c_human1,human,75.0,7.42,0.515,,
Fig5c_human1,human,76.0,,0.525,,
Fig5c_human1,human,77.0,,0.525,,
Fig5c_human1,human,78.0,,0.521,,
Fig5c_human1,human,79.0,,0.513,,
Fig5c_human1,human,80.0,7.2,0.505,,
Fig5c_human1,human,81.0,,0.508,,
Fig5c_human1,human,82.0,,0.496,,
Fig5c_human1,human,83.0,,0.491,,
Fig5c_human1,human,84.0,,0.493,,
Fig5c_human1,human,85.0,7.13,0.493,,
Fig5c_human1,human,86.0,,0.489,,
Fig5c_human1,human,87.0,,0.493,,
Fig5c_human1,human,88.0,,0.493,,
Fig5c_human1,human,89.0,,0.485,,
Fig5c_human1,human,90.0,6.81,0.483,,
Fig5c_human1,human,91.0,,0.481,,
Fig5c_human1,human,92.0,,0.478,,
Fig5c_human1,human,93.0,,0.471,,
Fig5c_human1,human,94.0,,0.464,,
Fig5c_human1,human,95.0,6.53,0.466,,
Fig5c_human1,human,96.0,,0.469,,
Fig5c_human1,human,97.0,,0.454,,
Fig5c_human1,human,98.0,,0.45,,
Fig5c_human1,human,99.0,,0.458,,
Fig5c_human1,human,100.0,6.18,0.455,,
Fig5c_human1,human,101.0,,0.447,,
Fig5c_human1,human,102.0,,0.441,,
Fig5c_human1,human,103.0,,0.448,,
Fig5c_human1,human,104.0,,0.456,,
Fig5c_human1,human,105.0,5.95,0.465,,
Fig5c_human1,human,106.0,,0.46,,
Fig5c_human1,human,107.0,,0.455,,
Fig5c_human1,human,108.0,,0.451,,
Fig5c_human1,human,109.0,,0.44,,
Fig5c_human1,human,110.0,5.66,0.425,,
Fig5c_human1,human,111.0,,0.436,,
Fig5c_human1,human,112.0,,0.427,,
Fig5c_human1,human,113.0,,0.425,,
Fig5c_human1,human,114.0,,0.414,,
Fig5c_human1,human,115.0,5.35,0.41,,
Fig5c_human1,human,116.0,,0.414,,
Fig5c_human1,human,117.0,,0.419,,
Fig5c_human1,human,118.0,,0.425,,
Fig5c_human1,human,119.0,,0.419,,
Fig5c_human1,human,120.0,5.27,0.405,,
Fig5d_human2,human,-5.0,6.78,0.429,,
Fig5d_human2,human,-4.0,,0.427,,
Fig5d_human2,human,-3.0,,0.422,,
Fig5d_human2,human,-2.0,,0.425,,
Fig5d_human2,human,-1.0,,0.425,,
Fig5d_human2,human,0.0,6.83,0.426,,
Fig5d_human2,human,1.0,,0.427,,
Fig5d_human2,human,2.0,,0.422,,
Fig5d_human2,human,3.0,,0.427,,
Fig5d_human2,human,4.0,,0.427,,
Fig5d_human2,human,5.0,6.89,0.422,,
Fig5d_human2,human,6.0,,0.426,,
Fig5d_human2,human,7.0,,0.428,,
Fig5d_human2,human,8.0,,0.433,,
Fig5d_human2,human,9.0,,0.43,,
Fig5d_human2,human,10.0,7.35,0.438,,
Fig5d_human2,human,11.0,,0.432,,
Fig5d_human2,human,12.0,,0.436,,
Fig5d_human2,human,13.0,,0.445,,
Fig5d_human2,human,14.0,,0.447,,
Fig5d_human2,human,15.0,7.62,0.442,,
Fig5d_human2,human,16.0,,0.441,,
Fig5d_human2,human,17.0,,0.455,,
Fig5d_human2,human,18.0,,0.447,,
Fig5d_human2,human,19.0,,0.451,,
Fig5d_human2,human,20.0,7.99,0.46399999999999997,,
Fig5d_human2,human,21.0,,0.455,,
Fig5d_human2,human,22.0,,0.453,,
Fig5d_human2,human,23.0,,0.45799999999999996,,
Fig5d_human2,human,24.0,,0.45899999999999996,,
Fig5d_human2,human,25.0,8.28,0.45799999999999996,,
Fig5d_human2,human,26.0,,0.46099999999999997,,
Fig5d_human2,human,27.0,,0.456,,
Fig5d_human2,human,28.0,,0.46799999999999997,,
Fig5d_human2,human,29.0,,0.478,,
Fig5d_human2,human,30.0,8.43,0.484,,
Fig5d_human2,human,31.0,,0.5,,
Fig5d_human2,human,32.0,,0.497,,
Fig5d_human2,human,33.0,,0.504,,
Fig5d_human2,human,34.0,,0.5,,
Fig5d_human2,human,35.0,8.59,0.498,,
Fig5d_human2,human,36.0,,0.505,,
Fig5d_human2,human,37.0,,0.507,,
Fig5d_human2,human,38.0,,0.506,,
Fig5d_human2,human,39.0,,0.503,,
Fig5d_human2,human,40.0,8.83,0.504,,
Fig5d_human2,human,41.0,,0.512,,
Fig5d_human2,human,42.0,,0.513,,
Fig5d_human2,human,43.0,,0.518,,
Fig5d_human2,human,44.0,,0.523,,
Fig5d_human2,human,45.0,9.01,0.523,,
Fig5d_human2,human,46.0,,0.529,,
Fig5d_human2,human,47.0,,0.543,,
Fig5d_human2,human,48.0,,0.541,,
Fig5d_human2,human,49.0,,0.542,,
Fig5d_human2,human,50.0,9.13,0.549,,
Fig5d_human2,human,51.0,,0.544,,
Fig5d_human2,human,52.0,,0.539,,
Fig5d_human2,human,53.0,,0.543,,
Fig5d_human2,human,54.0,,0.552,,
Fig5d_human2,human,55.0,9.21,0.558,,
Fig5d_human2,human,56.0,,0.562,,
Fig5d_human2,human,57.0,,0.557,,
Fig5d_human2,human,58.0,,0.5680000000000001,,
Fig5d_human2,human,59.0,,0.556,,
Fig5d_human2,human,60.0,9.16,0.5650000000000001,,
Fig5d_human2,human,61.0,,0.5660000000000001,,
Fig5d_human2,human,62.0,,0.5650000000000001,,
Fig5d_human2,human,63.0,,0.5680000000000001,,
Fig5d_human2,human,64.0,,0.562,,
Fig5d_human2,human,65.0,9.04,0.5650000000000001,,
Fig5d_human2,human,66.0,,0.5700000000000001,,
Fig5d_human2,human,67.0,,0.5640000000000001,,
Fig5d_human2,human,68.0,,0.5630000000000001,,
Fig5d_human2,human,69.0,,0.561,,
Fig5d_human2,human,70.0,8.89,0.554,,
Fig5d_human2,human,71.0,,0.551,,
Fig5d_human2,human,72.0,,0.552,,
Fig5d_human2,human,73.0,,0.55,,
Fig5d_human2,human,74.0,,0.551,,
Fig5d_human2,human,75.0,8.76,0.55,,
Fig5d_human2,human,76.0,,0.546,,
Fig5d_human2,human,77.0,,0.548,,
Fig5d_human2,human,78.0,,0.549,,
Fig5d_human2,human,79.0,,0.552,,
Fig5d_human2,human,80.0,8.57,0.554,,
Fig5d_human2,human,81.0,,0.549,,
Fig5d_human2,human,82.0,,0.545,,
Fig5d_human2,human,83.0,,0.536,,
Fig5d_human2,human,84.0,,0.535,,
Fig5d_human2,human,85.0,8.44,0.531,,
Fig5d_human2,human,86.0,,0.527,,
Fig5d_human2,human,87.0,,0.526,,
Fig5d_human2,human,88.0,,0.521,,
Fig5d_human2,human,89.0,,0.516,,
Fig5d_human2,human,90.0,8.37,0.518,,
Fig5d_human2,human,91.0,,0.517,,
Fig5d_human2,human,92.0,,0.519,,
Fig5d_human2,human,93.0,,0.521,,
Fig5d_human2,human,94.0,,0.523,,
Fig5d_human2,human,95.0,8.21,0.521,,
Fig5d_human2,human,96.0,,0.518,,
Fig5d_human2,human,97.0,,0.52,,
Fig5d_human2,human,98.0,,0.518,,
Fig5d_human2,human,99.0,,0.515,,
Fig5d_human2,human,100.0,8.02,0.517,,
Fig5d_human2,human,101.0,,0.515,,
Fig5d_human2,human,102.0,,0.517,,
Fig5d_human2,human,103.0,,0.518,,
Fig5d_human2,human,104.0,,0.518,,
Fig5d_human2,human,105.0,7.93,0.52,,
Fig5d_human2,human,106.0,,0.517,,
Fig5d_human2,human,107.0,,0.517,,
Fig5d_human2,human,108.0,,0.517,,
Fig5d_human2,human,109.0,,0.522,,
Fig5d_human2,human,110.0,7.89,0.524,,
Fig5d_human2,human,111.0,,0.517,,
Fig5d_human2,human,112.0,,0.517,,
Fig5d_human2,human,113.0,,0.517,,
Fig5d_human2,human,114.0,,0.513,,
Fig5d_human2,human,115.0,7.76,0.519,,
Fig5d_human2,human,116.0,,0.517,,
Fig5d_human2,human,117.0,,0.509,,
Fig5d_human2,human,118.0,,0.508,,
Fig5d_human2,human,119.0,,0.506,,
Fig5d_human2,human,120.0,7.71,0.499,,
Fig5d_human2,human,-5.0,7.34,0.465,,
Fig5d_human2,human,-4.0,,0.463,,
Fig5d_human2,human,-3.0,,0.467,,
Fig5d_human2,human,-2.0,,0.462,,
Fig5d_human2,human,-1.0,,0.464,,
Fig5d_human2,human,0.0,7.27,0.463,,
Fig5d_human2,human,1.0,,0.466,,
Fig5d_human2,human,2.0,,0.463,,
Fig5d_human2,human,3.0,,0.459,,
Fig5d_human2,human,4.0,,0.465,,
Fig5d_human2,human,5.0,7.51,0.461,,
Fig5d_human2,human,6.0,,0.466,,
Fig5d_human2,human,7.0,,0.467,,
Fig5d_human2,human,8.0,,0.468,,
Fig5d_human2,human,9.0,,0.47100000000000003,,
Fig5d_human2,human,10.0,7.78,0.47200000000000003,,
Fig5d_human2,human,11.0,,0.47400000000000003,,
Fig5d_human2,human,12.0,,0.47500000000000003,,
Fig5d_human2,human,13.0,,0.47500000000000003,,
Fig5d_human2,human,14.0,,0.47200000000000003,,
Fig5d_human2,human,15.0,7.93,0.468,,
Fig5d_human2,human,16.0,,0.47100000000000003,,
Fig5d_human2,human,17.0,,0.47200000000000003,,
Fig5d_human2,human,18.0,,0.47400000000000003,,
Fig5d_human2,human,19.0,,0.479,,
Fig5d_human2,human,20.0,8.21,0.483,,
Fig5d_human2,human,21.0,,0.484,,
Fig5d_human2,human,22.0,,0.483,,
Fig5d_human2,human,23.0,,0.481,,
Fig5d_human2,human,24.0,,0.49,,
Fig5d_human2,human,25.0,8.48,0.498,,
Fig5d_human2,human,26.0,,0.505,,
Fig5d_human2,human,27.0,,0.504,,
Fig5d_human2,human,28.0,,0.507,,
Fig5d_human2,human,29.0,,0.511,,
Fig5d_human2,human,30.0,8.74,0.514,,
Fig5d_human2,human,31.0,,0.518,,
Fig5d_human2,human,32.0,,0.524,,
Fig5d_human2,human,33.0,,0.527,,
Fig5d_human2,human,34.0,,0.531,,
Fig5d_human2,human,35.0,8.95,0.532,,
Fig5d_human2,human,36.0,,0.525,,
Fig5d_human2,human,37.0,,0.525,,
Fig5d_human2,human,38.0,,0.52,,
Fig5d_human2,human,39.0,,0.517,,
Fig5d_human2,human,40.0,9.13,0.524,,
Fig5d_human2,human,41.0,,0.522,,
Fig5d_human2,human,42.0,,0.524,,
Fig5d_human2,human,43.0,,0.528,,
Fig5d_human2,human,44.0,,0.528,,
Fig5d_human2,human,45.0,9.24,0.537,,
Fig5d_human2,human,46.0,,0.542,,
Fig5d_human2,human,47.0,,0.548,,
Fig5d_human2,human,48.0,,0.546,,
Fig5d_human2,human,49.0,,0.5509999999999999,,
Fig5d_human2,human,50.0,9.49,0.5529999999999999,,
Fig5d_human2,human,51.0,,0.556,,
Fig5d_human2,human,52.0,,0.558,,
Fig5d_human2,human,53.0,,0.558,,
Fig5d_human2,human,54.0,,0.5549999999999999,,
Fig5d_human2,human,55.0,9.55,0.5569999999999999,,
Fig5d_human2,human,56.0,,0.552,,
Fig5d_human2,human,57.0,,0.5549999999999999,,
Fig5d_human2,human,58.0,,0.5569999999999999,,
Fig5d_human2,human,59.0,,0.5569999999999999,,
Fig5d_human2,human,60.0,9.48,0.562,,
Fig5d_human2,human,61.0,,0.572,,
Fig5d_human2,human,62.0,,0.576,,
Fig5d_human2,human,63.0,,0.57,,
Fig5d_human2,human,64.0,,0.563,,
Fig5d_human2,human,65.0,9.36,0.56,,
Fig5d_human2,human,66.0,,0.5640000000000001,,
Fig5d_human2,human,67.0,,0.563,,
Fig5d_human2,human,68.0,,0.5609999999999999,,
Fig5d_human2,human,69.0,,0.558,,
Fig5d_human2,human,70.0,9.18,0.5549999999999999,,
Fig5d_human2,human,71.0,,0.5529999999999999,,
Fig5d_human2,human,72.0,,0.552,,
Fig5d_human2,human,73.0,,0.5509999999999999,,
Fig5d_human2,human,74.0,,0.5489999999999999,,
Fig5d_human2,human,75.0,9.04,0.5469999999999999,,
Fig5d_human2,human,76.0,,0.548,,
Fig5d_human2,human,77.0,,0.5469999999999999,,
Fig5d_human2,human,78.0,,0.546,,
Fig5d_human2,human,79.0,,0.544,,
Fig5d_human2,human,80.0,8.93,0.5409999999999999,,
Fig5d_human2,human,81.0,,0.5409999999999999,,
Fig5d_human2,human,82.0,,0.542,,
Fig5d_human2,human,83.0,,0.542,,
Fig5d_human2,human,84.0,,0.54,,
Fig5d_human2,human,85.0,8.8,0.5409999999999999,,
Fig5d_human2,human,86.0,,0.5429999999999999,,
Fig5d_human2,human,87.0,,0.54,,
Fig5d_human2,human,88.0,,0.54,,
Fig5d_human2,human,89.0,,0.542,,
Fig5d_human2,human,90.0,8.58,0.542,,
Fig5d_human2,human,91.0,,0.54,,
Fig5d_human2,human,92.0,,0.5409999999999999,,
Fig5d_human2,human,93.0,,0.54,,
Fig5d_human2,human,94.0,,0.54,,
Fig5d_human2,human,95.0,8.66,0.54,,
Fig5d_human2,human,96.0,,0.538,,
Fig5d_human2,human,97.0,,0.5409999999999999,,
Fig5d_human2,human,98.0,,0.54,,
Fig5d_human2,human,99.0,,0.5389999999999999,,
Fig5d_human2,human,100.0,8.52,0.538,,
Fig5d_human2,human,101.0,,0.537,,
Fig5d_human2,human,102.0,,0.533,,
Fig5d_human2,human,103.0,,0.534,,
Fig5d_human2,human,104.0,,0.534,,
Fig5d_human2,human,105.0,8.49,0.531,,
Fig5d_human2,human,106.0,,0.53,,
Fig5d_human2,human,107.0,,0.53,,
Fig5d_human2,human,108.0,,0.529,,
Fig5d_human2,human,109.0,,0.529,,
Fig5d_human2,human,110.0,8.37,0.528,,
Fig5d_human2,human,111.0,,0.528,,
Fig5d_human2,human,112.0,,0.526,,
Fig5d_human2,human,113.0,,0.523,,
Fig5d_human2,human,114.0,,0.522,,
Fig5d_human2,human,115.0,8.25,0.523,,
Fig5d_human2,human,116.0,,0.519,,
Fig5d_human2,human,117.0,,0.519,,
Fig5d_human2,human,118.0,,0.519,,
Fig5d_human2,human,119.0,,0.521,,
Fig5d_human2,human,120.0,8.16,0.525,,
Fig5d_human2,human,-5.0,6.6499999999999995,0.414,,
Fig5d_human2,human,-4.0,,0.41300000000000003,,
Fig5d_human2,human,-3.0,,0.416,,
Fig5d_human2,human,-2.0,,0.41300000000000003,,
Fig5d_human2,human,-1.0,,0.417,,
Fig5d_human2,human,0.0,6.68,0.414,,
Fig5d_human2,human,1.0,,0.41200000000000003,,
Fig5d_human2,human,2.0,,0.416,,
Fig5d_human2,human,3.0,,0.41200000000000003,,
Fig5d_human2,human,4.0,,0.416,,
Fig5d_human2,human,5.0,6.91,0.416,,
Fig5d_human2,human,6.0,,0.41200000000000003,,
Fig5d_human2,human,7.0,,0.414,,
Fig5d_human2,human,8.0,,0.414,,
Fig5d_human2,human,9.0,,0.429,,
Fig5d_human2,human,10.0,7.1899999999999995,0.418,,
Fig5d_human2,human,11.0,,0.423,,
Fig5d_human2,human,12.0,,0.433,,
Fig5d_human2,human,13.0,,0.438,,
Fig5d_human2,human,14.0,,0.445,,
Fig5d_human2,human,15.0,7.41,0.456,,
Fig5d_human2,human,16.0,,0.449,,
Fig5d_human2,human,17.0,,0.443,,
Fig5d_human2,human,18.0,,0.441,,
Fig5d_human2,human,19.0,,0.445,,
Fig5d_human2,human,20.0,7.66,0.443,,
Fig5d_human2,human,21.0,,0.436,,
Fig5d_human2,human,22.0,,0.441,,
Fig5d_human2,human,23.0,,0.439,,
Fig5d_human2,human,24.0,,0.438,,
Fig5d_human2,human,25.0,7.92,0.439,,
Fig5d_human2,human,26.0,,0.445,,
Fig5d_human2,human,27.0,,0.456,,
Fig5d_human2,human,28.0,,0.47100000000000003,,
Fig5d_human2,human,29.0,,0.478,,
Fig5d_human2,human,30.0,8.19,0.479,,
Fig5d_human2,human,31.0,,0.49,,
Fig5d_human2,human,32.0,,0.491,,
Fig5d_human2,human,33.0,,0.492,,
Fig5d_human2,human,34.0,,0.495,,
Fig5d_human2,human,35.0,8.57,0.493,,
Fig5d_human2,human,36.0,,0.49,,
Fig5d_human2,human,37.0,,0.501,,
Fig5d_human2,human,38.0,,0.501,,
Fig5d_human2,human,39.0,,0.5,,
Fig5d_human2,human,40.0,8.84,0.499,,
Fig5d_human2,human,41.0,,0.49,,
Fig5d_human2,human,42.0,,0.496,,
Fig5d_human2,human,43.0,,0.496,,
Fig5d_human2,human,44.0,,0.487,,
Fig5d_human2,human,45.0,9.030000000000001,0.497,,
Fig5d_human2,human,46.0,,0.499,,
Fig5d_human2,human,47.0,,0.501,,
Fig5d_human2,human,48.0,,0.494,,
Fig5d_human2,human,49.0,,0.506,,
Fig5d_human2,human,50.0,9.24,0.518,,
Fig5d_human2,human,51.0,,0.532,,
Fig5d_human2,human,52.0,,0.522,,
Fig5d_human2,human,53.0,,0.53,,
Fig5d_human2,human,54.0,,0.535,,
Fig5d_human2,human,55.0,9.290000000000001,0.523,,
Fig5d_human2,human,56.0,,0.5389999999999999,,
Fig5d_human2,human,57.0,,0.536,,
Fig5d_human2,human,58.0,,0.5389999999999999,,
Fig5d_human2,human,59.0,,0.5429999999999999,,
Fig5d_human2,human,60.0,9.14,0.5529999999999999,,
Fig5d_human2,human,61.0,,0.5469999999999999,,
Fig5d_human2,human,62.0,,0.5409999999999999,,
Fig5d_human2,human,63.0,,0.542,,
Fig5d_human2,human,64.0,,0.5489999999999999,,
Fig5d_human2,human,65.0,9.040000000000001,0.5589999999999999,,
Fig5d_human2,human,66.0,,0.5640000000000001,,
Fig5d_human2,human,67.0,,0.5609999999999999,,
Fig5d_human2,human,68.0,,0.562,,
Fig5d_human2,human,69.0,,0.5609999999999999,,
Fig5d_human2,human,70.0,8.930000000000001,0.5609999999999999,,
Fig5d_human2,human,71.0,,0.5609999999999999,,
Fig5d_human2,human,72.0,,0.56,,
Fig5d_human2,human,73.0,,0.5569999999999999,,
Fig5d_human2,human,74.0,,0.558,,
Fig5d_human2,human,75.0,8.690000000000001,0.556,,
Fig5d_human2,human,76.0,,0.5589999999999999,,
Fig5d_human2,human,77.0,,0.5569999999999999,,
Fig5d_human2,human,78.0,,0.5509999999999999,,
Fig5d_human2,human,79.0,,0.554,,
Fig5d_human2,human,80.0,8.75,0.5489999999999999,,
Fig5d_human2,human,81.0,,0.546,,
Fig5d_human2,human,82.0,,0.5409999999999999,,
Fig5d_human2,human,83.0,,0.5469999999999999,,
Fig5d_human2,human,84.0,,0.5449999999999999,,
Fig5d_human2,human,85.0,8.620000000000001,0.5409999999999999,,
Fig5d_human2,human,86.0,,0.537,,
Fig5d_human2,human,87.0,,0.533,,
Fig5d_human2,human,88.0,,0.528,,
Fig5d_human2,human,89.0,,0.525,,
Fig5d_human2,human,90.0,8.59,0.524,,
Fig5d_human2,human,91.0,,0.519,,
Fig5d_human2,human,92.0,,0.514,,
Fig5d_human2,human,93.0,,0.52,,
Fig5d_human2,human,94.0,,0.516,,
Fig5d_human2,human,95.0,8.430000000000001,0.521,,
Fig5d_human2,human,96.0,,0.514,,
Fig5d_human2,human,97.0,,0.515,,
Fig5d_human2,human,98.0,,0.51,,
Fig5d_human2,human,99.0,,0.508,,
Fig5d_human2,human,100.0,8.370000000000001,0.504,,
Fig5d_human2,human,101.0,,0.497,,
Fig5d_human2,human,102.0,,0.495,,
Fig5d_human2,human,103.0,,0.494,,
Fig5d_human2,human,104.0,,0.498,,
Fig5d_human2,human,105.0,8.25,0.491,,
Fig5d_human2,human,106.0,,0.487,,
Fig5d_human2,human,107.0,,0.488,,
Fig5d_human2,human,108.0,,0.487,,
Fig5d_human2,human,109.0,,0.484,,
Fig5d_human2,human,110.0,8.14,0.485,,
Fig5d_human2,human,111.0,,0.485,,
Fig5d_human2,human,112.0,,0.483,,
Fig5d_human2,human,113.0,,0.48,,
Fig5d_human2,human,114.0,,0.47600000000000003,,
Fig5d_human2,human,115.0,7.96,0.47000000000000003,,
Fig5d_human2,human,116.0,,0.467,,
Fig5d_human2,human,117.0,,0.467,,
Fig5d_human2,human,118.0,,0.46900000000000003,,
Fig5d_human2,human,119.0,,0.47000000000000003,,
Fig5d_human2,human,120.0,7.79,0.48,,
SuppFig14,normal_beagle,0.0,6.49,0.418,,
SuppFig14,normal_beagle,1.0,,0.417,,
SuppFig14,normal_beagle,2.0,,0.43,,
SuppFig14,normal_beagle,3.0,,0.419,,
SuppFig14,normal_beagle,4.0,,0.417,,
SuppFig14,normal_beagle,5.0,,0.439,,
SuppFig14,normal_beagle,6.0,,0.419,,
SuppFig14,normal_beagle,7.0,,0.409,,
SuppFig14,normal_beagle,8.0,,0.426,,
SuppFig14,normal_beagle,9.0,,0.409,,
SuppFig14,normal_beagle,10.0,8.38,0.413,,
SuppFig14,normal_beagle,11.0,,0.423,,
SuppFig14,normal_beagle,12.0,,0.42,,
SuppFig14,normal_beagle,13.0,,0.443,,
SuppFig14,normal_beagle,14.0,,0.433,,
SuppFig14,normal_beagle,15.0,,0.448,,
SuppFig14,normal_beagle,16.0,,0.479,,
SuppFig14,normal_beagle,17.0,,0.463,,
SuppFig14,normal_beagle,18.0,,0.484,,
SuppFig14,normal_beagle,19.0,,0.496,,
SuppFig14,normal_beagle,20.0,10.01,0.511,,
SuppFig14,normal_beagle,21.0,,0.529,,
SuppFig14,normal_beagle,22.0,,0.515,,
SuppFig14,normal_beagle,23.0,,0.538,,
SuppFig14,normal_beagle,24.0,,0.528,,
SuppFig14,normal_beagle,25.0,,0.555,,
SuppFig14,normal_beagle,26.0,,0.588,,
SuppFig14,normal_beagle,27.0,,0.61,,
SuppFig14,normal_beagle,28.0,,0.639,,
SuppFig14,normal_beagle,29.0,,0.668,,
SuppFig14,normal_beagle,30.0,11.8,0.649,,
SuppFig14,normal_beagle,31.0,,0.69,,
SuppFig14,normal_beagle,32.0,,0.709,,
SuppFig14,normal_beagle,33.0,,0.718,,
SuppFig14,normal_beagle,34.0,,0.75,,
SuppFig14,normal_beagle,35.0,,0.743,,
SuppFig14,normal_beagle,36.0,,0.769,,
SuppFig14,normal_beagle,37.0,,0.799,,
SuppFig14,normal_beagle,38.0,,0.814,,
SuppFig14,normal_beagle,39.0,,0.844,,
SuppFig14,normal_beagle,40.0,12.8,0.821,,
SuppFig14,normal_beagle,41.0,,0.857,,
SuppFig14,normal_beagle,42.0,,0.89,,
SuppFig14,normal_beagle,43.0,,0.89,,
SuppFig14,normal_beagle,44.0,,0.931,,
SuppFig14,normal_beagle,45.0,,0.913,,
SuppFig14,normal_beagle,46.0,,0.95,,
SuppFig14,normal_beagle,47.0,,1.002,,
SuppFig14,normal_beagle,48.0,,0.992,,
SuppFig14,normal_beagle,49.0,,1.039,,
SuppFig14,normal_beagle,50.0,11.44,1.049,,
SuppFig14,normal_beagle,51.0,,1.081,,
SuppFig14,normal_beagle,52.0,,1.104,,
SuppFig14,normal_beagle,53.0,,1.116,,
SuppFig14,normal_beagle,54.0,,1.14,,
SuppFig14,normal_beagle,55.0,,1.139,,
SuppFig14,normal_beagle,56.0,,1.133,,
SuppFig14,normal_beagle,57.0,,1.121,,
SuppFig14,normal_beagle,58.0,,1.129,,
SuppFig14,normal_beagle,59.0,,1.121,,
SuppFig14,normal_beagle,60.0,10.96,1.123,,
SuppFig14,normal_beagle,61.0,,1.102,,
SuppFig14,normal_beagle,62.0,,1.111,,
SuppFig14,normal_beagle,63.0,,1.088,,
SuppFig14,normal_beagle,70.0,10.05,0.978,,
SuppFig14,normal_beagle,80.0,9.14,0.86,,
SuppFig14,normal_beagle,81.0,,0.847,,
SuppFig14,normal_beagle,82.0,,0.827,,
SuppFig14,normal_beagle,83.0,,0.806,,
SuppFig14,normal_beagle,84.0,,0.832,,
SuppFig14,normal_beagle,85.0,,0.79,,
SuppFig14,normal_beagle,86.0,,0.773,,
SuppFig14,normal_beagle,87.0,,0.762,,
SuppFig14,normal_beagle,88.0,,0.743,,
SuppFig14,normal_beagle,89.0,,0.737,,
SuppFig14,normal_beagle,90.0,8.46,0.712,,
SuppFig14,normal_beagle,91.0,,0.691,,
SuppFig14,normal_beagle,92.0,,0.703,,
SuppFig14,normal_beagle,93.0,,0.713,,
SuppFig14,normal_beagle,94.0,,0.69,,
SuppFig14,normal_beagle,95.0,,0.694,,
SuppFig14,normal_beagle,100.0,8.09,0.663,,
SuppFig14,normal_beagle,110.0,7.6,0.618,,
SuppFig14,normal_beagle,112.0,,0.628,,
SuppFig14,normal_beagle,113.0,,0.612,,
SuppFig14,normal_beagle,114.0,,0.622,,
SuppFig14,normal_beagle,115.0,,0.619,,
SuppFig14,normal_beagle,116.0,,0.633,,
SuppFig14,normal_beagle,117.0,,0.632,,
SuppFig14,normal_beagle,118.0,,0.609,,
SuppFig14,normal_beagle,119.0,,0.619,,
SuppFig14,normal_beagle,120.0,7.23,0.61,,
